<?xml version="1.0" encoding="UTF-8"?>
<project-private xmlns="http://www.netbeans.org/ns/project-private/1">
    <editor-bookmarks xmlns="http://www.netbeans.org/ns/editor-bookmarks/2" lastBookmarkId="0"/>
    <open-files xmlns="http://www.netbeans.org/ns/projectui-open-files/2">
        <group>
            <file>file:/C:/Users/mklas/Desktop/APU/Degree%20(APD1F2109CS%20(IS))/Third%20Year/Enterprise%20Programming%20For%20Distributed%20Application/APUVeterinaryClinicSystem/APUVeterinaryClinicSystem-war/web/AppointmentAvailable.jsp</file>
            <file>file:/C:/Users/mklas/Desktop/APU/Degree%20(APD1F2109CS%20(IS))/Third%20Year/Enterprise%20Programming%20For%20Distributed%20Application/APUVeterinaryClinicSystem/APUVeterinaryClinicSystem-war/src/java/controller/createWeeklyRota.java</file>
            <file>file:/C:/Users/mklas/Desktop/APU/Degree%20(APD1F2109CS%20(IS))/Third%20Year/Enterprise%20Programming%20For%20Distributed%20Application/APUVeterinaryClinicSystem/APUVeterinaryClinicSystem-war/src/java/controller/searchCusPet.java</file>
            <file>file:/C:/Users/mklas/Desktop/APU/Degree%20(APD1F2109CS%20(IS))/Third%20Year/Enterprise%20Programming%20For%20Distributed%20Application/APUVeterinaryClinicSystem/APUVeterinaryClinicSystem-war/src/java/controller/updateWeeklyRota.java</file>
            <file>file:/C:/Users/mklas/Desktop/APU/Degree%20(APD1F2109CS%20(IS))/Third%20Year/Enterprise%20Programming%20For%20Distributed%20Application/APUVeterinaryClinicSystem/APUVeterinaryClinicSystem-war/web/updateWeeklyRota.jsp</file>
            <file>file:/C:/Users/mklas/Desktop/APU/Degree%20(APD1F2109CS%20(IS))/Third%20Year/Enterprise%20Programming%20For%20Distributed%20Application/APUVeterinaryClinicSystem/APUVeterinaryClinicSystem-war/web/deleteAppointment.jsp</file>
            <file>file:/C:/Users/mklas/Desktop/APU/Degree%20(APD1F2109CS%20(IS))/Third%20Year/Enterprise%20Programming%20For%20Distributed%20Application/APUVeterinaryClinicSystem/APUVeterinaryClinicSystem-war/src/java/controller/deleteCP.java</file>
            <file>file:/C:/Users/mklas/Desktop/APU/Degree%20(APD1F2109CS%20(IS))/Third%20Year/Enterprise%20Programming%20For%20Distributed%20Application/APUVeterinaryClinicSystem/APUVeterinaryClinicSystem-war/src/java/controller/updateRV.java</file>
            <file>file:/C:/Users/mklas/Desktop/APU/Degree%20(APD1F2109CS%20(IS))/Third%20Year/Enterprise%20Programming%20For%20Distributed%20Application/APUVeterinaryClinicSystem/APUVeterinaryClinicSystem-war/src/java/controller/WeekRota.java</file>
            <file>file:/C:/Users/mklas/Desktop/APU/Degree%20(APD1F2109CS%20(IS))/Third%20Year/Enterprise%20Programming%20For%20Distributed%20Application/APUVeterinaryClinicSystem/APUVeterinaryClinicSystem-war/src/java/controller/SearchWeekRota.java</file>
            <file>file:/C:/Users/mklas/Desktop/APU/Degree%20(APD1F2109CS%20(IS))/Third%20Year/Enterprise%20Programming%20For%20Distributed%20Application/APUVeterinaryClinicSystem/APUVeterinaryClinicSystem-war/web/makeAppointment.jsp</file>
            <file>file:/C:/Users/mklas/Desktop/APU/Degree%20(APD1F2109CS%20(IS))/Third%20Year/Enterprise%20Programming%20For%20Distributed%20Application/APUVeterinaryClinicSystem/APUVeterinaryClinicSystem-war/src/java/controller/bookAppointment.java</file>
            <file>file:/C:/Users/mklas/Desktop/APU/Degree%20(APD1F2109CS%20(IS))/Third%20Year/Enterprise%20Programming%20For%20Distributed%20Application/APUVeterinaryClinicSystem/APUVeterinaryClinicSystem-war/src/java/controller/makeAppointment.java</file>
            <file>file:/C:/Users/mklas/Desktop/APU/Degree%20(APD1F2109CS%20(IS))/Third%20Year/Enterprise%20Programming%20For%20Distributed%20Application/APUVeterinaryClinicSystem/APUVeterinaryClinicSystem-war/web/createWeeklyRota.jsp</file>
            <file>file:/C:/Users/mklas/Desktop/APU/Degree%20(APD1F2109CS%20(IS))/Third%20Year/Enterprise%20Programming%20For%20Distributed%20Application/APUVeterinaryClinicSystem/APUVeterinaryClinicSystem-war/src/java/controller/approveRV.java</file>
            <file>file:/C:/Users/mklas/Desktop/APU/Degree%20(APD1F2109CS%20(IS))/Third%20Year/Enterprise%20Programming%20For%20Distributed%20Application/APUVeterinaryClinicSystem/APUVeterinaryClinicSystem-war/src/java/controller/deleteAppointment.java</file>
            <file>file:/C:/Users/mklas/Desktop/APU/Degree%20(APD1F2109CS%20(IS))/Third%20Year/Enterprise%20Programming%20For%20Distributed%20Application/APUVeterinaryClinicSystem/APUVeterinaryClinicSystem-war/src/java/controller/appointmentSelected.java</file>
            <file>file:/C:/Users/mklas/Desktop/APU/Degree%20(APD1F2109CS%20(IS))/Third%20Year/Enterprise%20Programming%20For%20Distributed%20Application/APUVeterinaryClinicSystem/APUVeterinaryClinicSystem-war/src/java/controller/deleteAppointmentID.java</file>
            <file>file:/C:/Users/mklas/Desktop/APU/Degree%20(APD1F2109CS%20(IS))/Third%20Year/Enterprise%20Programming%20For%20Distributed%20Application/APUVeterinaryClinicSystem/APUVeterinaryClinicSystem-war/web/managerManageRVApprove.jsp</file>
        </group>
    </open-files>
</project-private>
